_created	_etag	_id	_updated	aor	aqi	bids_meta.AccelNumReferenceLines	bids_meta.AccelerationFactorPE	bids_meta.AcquisitionMatrix	bids_meta.CogAtlasID	bids_meta.CogPOID	bids_meta.CoilCombinationMethod	bids_meta.ContrastBolusIngredient	bids_meta.ConversionSoftware	bids_meta.ConversionSoftwareVersion	bids_meta.DelayTime	bids_meta.DeviceSerialNumber	bids_meta.EchoTime	bids_meta.EchoTrainLength	bids_meta.EffectiveEchoSpacing	bids_meta.FlipAngle	bids_meta.GradientSetType	bids_meta.HardcopyDeviceSoftwareVersion	bids_meta.ImagingFrequency	bids_meta.InPlanePhaseEncodingDirection	bids_meta.InstitutionAddress	bids_meta.InstitutionName	bids_meta.Instructions	bids_meta.InversionTime	bids_meta.MRAcquisitionType	bids_meta.MRTransmitCoilSequence	bids_meta.MagneticFieldStrength	bids_meta.Manufacturer	bids_meta.ManufacturersModelName	bids_meta.MatrixCoilMode	bids_meta.MultibandAccelerationFactor	bids_meta.NumberOfAverages	bids_meta.NumberOfPhaseEncodingSteps	bids_meta.NumberOfVolumesDiscardedByScanner	bids_meta.NumberOfVolumesDiscardedByUser	bids_meta.NumberShots	bids_meta.ParallelAcquisitionTechnique	bids_meta.ParallelReductionFactorInPlane	bids_meta.PartialFourier	bids_meta.PartialFourierDirection	bids_meta.PatientPosition	bids_meta.PercentPhaseFieldOfView	bids_meta.PercentSampling	bids_meta.PhaseEncodingDirection	bids_meta.PixelBandwidth	bids_meta.ProtocolName	bids_meta.PulseSequenceDetails	bids_meta.PulseSequenceType	bids_meta.ReceiveCoilName	bids_meta.RepetitionTime	bids_meta.ScanOptions	bids_meta.ScanningSequence	bids_meta.SequenceName	bids_meta.SequenceVariant	bids_meta.SliceEncodingDirection	bids_meta.SoftwareVersions	bids_meta.TaskDescription	bids_meta.TaskName	bids_meta.TotalReadoutTime	bids_meta.TotalScanTimeSec	bids_meta.TransmitCoilName	bids_meta.VariableFlipAngleFlag	bids_meta.acq_id	bids_meta.modality	bids_meta.run_id	bids_meta.session_id	bids_meta.subject_id	bids_meta.task_id	dummy_trs	dvars_nstd	dvars_std	dvars_vstd	efc	fber	fd_mean	fd_num	fd_perc	fwhm_avg	fwhm_x	fwhm_y	fwhm_z	gcor	gsr_x	gsr_y	provenance.email	provenance.md5sum	provenance.mriqc_pred	provenance.settings.fd_thres	provenance.settings.hmc_fsl	provenance.settings.testing	provenance.software	provenance.version	rating.comment	rating.md5sum	rating.name	rating.rating	size_t	size_x	size_y	size_z	snr	spacing_tr	spacing_x	spacing_y	spacing_z	summary_bg_k	summary_bg_mad	summary_bg_mean	summary_bg_median	summary_bg_n	summary_bg_p05	summary_bg_p95	summary_bg_stdv	summary_fg_k	summary_fg_mad	summary_fg_mean	summary_fg_median	summary_fg_n	summary_fg_p05	summary_fg_p95	summary_fg_stdv	tsnr
Fri, 27 Aug 2021 21:57:42 GMT	e0223725d9440bf103e8c6dfd989f7cfcca002a9	61295fd61f143ec0cf5d46ae	Fri, 27 Aug 2021 21:57:42 GMT	0.004840288461538462	0.019888146153846153				TODO				dcm2niix	v1.0.20190410  GCC6.3.0		45424	0.03	43	0.000294998	50			123		North_Warren_Ave_1609_Tucson_Denver_US_85719	University_of_Arizona			2D		3.0	Siemens	Skyra		3.0							2.0	True		HFS			j	2365	func_task-rest_run-01_MoCo	%SiemensSeq%_ep2d_bold		Head_32	2.0	FS	EP	_epfid2d1_88	SK		syngo_MR_E11		rest	0.0256649					bold	1		5cde41210a7005ec045f6db9f9d5013a8184720167d1985aacf4117518714e2a	rest	0	44.08368458043477	1.218778082657005	1.0253840903381648	0.46651928643546803	4029.5771484375	0.11420677235295765	13.0	6.25	1.8383453884592746	1.7341121653778233	1.935432	1.8454920000000001	0.0167062	-0.006704345811158419	0.020539870485663414		f87341215e202e5fa1e40dbb492398b7		0.2		False	mriqc	0.16.1					208.0	88.0	88.0	63.0	5.2841037324314595	2.0	2.499999761581421	2.5	2.5	68.76301760833647	4.67589911418233	12.7308931350708	5.197115421295166	340190.0	1.451923131942749	46.81731033325195	23.08251190185547	4.264612672701077	52.41499709316682	336.14166259765625	329.92547607421875	78122.0	252.64472198486328	438.629100036621	62.43695831298828	35.17333037615754
Fri, 27 Aug 2021 21:56:32 GMT	ba7da1ac2b4f6fb2c3a6d1413d6c0ddfd44bdd49	61295f901f143ec0cf5d46ad	Fri, 27 Aug 2021 21:56:32 GMT	0.004763125	0.02001235528846154				TODO				dcm2niix	v1.0.20190410  GCC6.3.0		45424	0.03	43	0.000294998	50			123		North_Warren_Ave_1609_Tucson_Denver_US_85719	University_of_Arizona			2D		3.0	Siemens	Skyra		3.0							2.0	True		HFS			j	2365	func_task-rest_run-01	%SiemensSeq%_ep2d_bold		Head_32	2.0	FS	EP	_epfid2d1_88	SK		syngo_MR_E11		rest	0.0256649					bold	1		5cde41210a7005ec045f6db9f9d5013a8184720167d1985aacf4117518714e2a	rest	0	44.18108052811594	1.2223489491787434	1.0254228268599037	0.4661172305382076	4147.0419921875	0.13918168393897992	26.0	12.5	1.8414053885863038	1.7381081657589117	1.940452	1.845656	0.0167827	-0.006554118823260069	0.020571699365973473		472a4c0590401683ff9449d7ea85f2bb		0.2		False	mriqc	0.16.1					208.0	88.0	88.0	63.0	5.289275584519287	2.0	2.499999761581421	2.5	2.5	69.01381693065245	4.597492673949723	12.734294891357422	5.163461685180664	340233.0	1.4903846979141235	46.70192337036133	23.117389678955078	4.240360913012617	52.525463808147336	336.0904235839844	329.90386962890625	78085.0	252.4336700439453	438.2211730957032	62.371822357177734	35.310677817324176
Fri, 27 Aug 2021 19:15:47 GMT	e980d83457ab263b43f0e1d7c4b6f69ba11f5e46	612939e31329e57f6e1f58a0	Fri, 27 Aug 2021 19:15:47 GMT	0.0011723076923076923	0.025775530288461537				TODO				dcm2niix	v1.0.20190410  GCC6.3.0		45424	0.03	43	0.000294998	50			123		North_Warren_Ave_1609_Tucson_Denver_US_85719	University_of_Arizona			2D		3.0	Siemens	Skyra		3.0							2.0	True		HFS			j	2365	func_task-rest_run-01_MoCo	%SiemensSeq%_ep2d_bold		Head_32	2.0	FS	EP	_epfid2d1_88	SK		syngo_MR_E11		rest	0.0256649					bold	1		9d01168f111d66ad0bda1ed5db889adab90ca96e41244d2bbcfc13827928740f	rest	0	43.263101439082114	1.1239262788888884	0.9599455669565212	0.4561232620387884	4704.42822265625	0.09260382857892346	4.0	1.9230769230769231	1.9180280000000003	1.7874240000000001	2.062752	1.903908	0.0123762	-0.008167410269379616	0.0200966689735651		342d276463ec1cb3309b0092a1f2049c		0.2		False	mriqc	0.16.1					208.0	88.0	88.0	63.0	5.081614104982211	2.0	2.5	2.5	2.5	36.17594267762758	4.597492320469808	17.027374267578125	5.269230842590332	353536.0	1.4903846979141235	77.93269348144531	32.98557662963867	3.379152453609854	66.75632761972244	364.5390930175781	358.8317565917969	68460.0	270.0959213256836	478.10194396972645	70.61322021484375	29.930385751184076
Fri, 27 Aug 2021 19:14:35 GMT	35f7adce13fc50f2f060709f526c03011811d0d9	6129399b1f143ec0cf5d466f	Fri, 27 Aug 2021 19:14:35 GMT	0.0011929326923076924	0.02653497980769231				TODO				dcm2niix	v1.0.20190410  GCC6.3.0		45424	0.03	43	0.000294998	50			123		North_Warren_Ave_1609_Tucson_Denver_US_85719	University_of_Arizona			2D		3.0	Siemens	Skyra		3.0							2.0	True		HFS			j	2365	func_task-rest_run-01	%SiemensSeq%_ep2d_bold		Head_32	2.0	FS	EP	_epfid2d1_88	SK		syngo_MR_E11		rest	0.0256649					bold	1		9d01168f111d66ad0bda1ed5db889adab90ca96e41244d2bbcfc13827928740f	rest	0	42.8676010910145	1.1136051670531408	0.9606561975362317	0.45501001606705616	4843.45068359375	0.21202564754350153	84.0	40.38461538461539	1.9127826666666667	1.7876319999999999	2.061448	1.889268	0.0127049	-0.007306450046598911	0.020738784223794937		037fcbfb3885aa5a7f1d25404614df34		0.2		False	mriqc	0.16.1					208.0	88.0	88.0	63.0	5.084949428668053	2.0	2.5	2.5	2.5	36.52211172159662	4.554724785637571	16.950302124023438	5.240384578704834	353540.0	1.4759615659713745	77.52428054809565	32.89902114868164	3.4157832778206236	66.49616640279106	364.44952392578125	358.90386962890625	68474.0	270.0896820068359	477.67478332519534	70.58108520507812	30.044983183965087
Fri, 27 Aug 2021 19:05:11 GMT	f55084de47f4146e9977bf16cb35fbb194da41e9	612937671f143ec0cf5d466a	Fri, 27 Aug 2021 19:05:11 GMT	0.0005306763285024156	0.019321534782608694				TODO				dcm2niix	v1.0.20190410  GCC6.3.0		45424	0.03	43	0.000294998	50			123		North_Warren_Ave_1609_Tucson_Denver_US_85719	University_of_Arizona			2D		3.0	Siemens	Skyra		3.0							2.0	True		HFS			j	2365	func_task-rest_run-01	%SiemensSeq%_ep2d_bold		Head_32	2.0	FS	EP	_epfid2d1_88	SK		syngo_MR_E11		rest	0.0256649					bold	1		0238a1a27baa443b71a8027eba80fa0d8571aa5090cf704db70cea4cdf8176d0	rest	1	41.77970128844663	1.244888697621359	0.9696395247087376	0.4317471355057722	6398.45361328125	0.08351271772432599	5.0	2.4154589371980677	1.7004986666666666	1.581952	1.8039200000000002	1.715624	0.0039053	-0.015722347423434258	0.018702391535043716		85d12f6862874d2bb2a33a1b04b03432		0.2		False	mriqc	0.16.1					207.0	88.0	88.0	63.0	5.889797488917913	2.0	2.5	2.5	2.5	71.70600637054201	3.638463137118936	11.655623435974121	4.613526344299316	354575.0	1.6521738767623901	41.164249420166016	23.389694213867188	2.8890901601447307	55.572517226276595	366.16070556640625	362.4106140136719	68015.0	279.75217590332034	465.9449188232422	61.53147888183594	40.45373639743775
Wed, 21 Jul 2021 18:40:53 GMT	039e51b208090f2b44b4f059417657b89fe2f3ac	60f86a3548b3ccc3bffc998e	Wed, 21 Jul 2021 18:40:53 GMT	0.005215369458128078	0.025055759605911332				TODO				dcm2niix	v1.0.20190410  GCC6.3.0		45424	0.03	43	0.000294998	50			123		North_Warren_Ave_1609_Tucson_Denver_US_85719	University_of_Arizona			2D		3.0	Siemens	Skyra		3.0							2.0	True		HFS			j	2365	func_task-rest_run-01_MoCo	%SiemensSeq%_ep2d_bold		Head_32	2.0	FS	EP	_epfid2d1_88	SK		syngo_MR_E11		rest	0.0256649					bold	1		1a55018ff7078688289806fed27d3e4395019e36a141e82ace71ddff3d8a6b0b	rest	0	51.405153142425696	1.0963682813366333	0.992788543168317	0.4426663449459798	3648.61962890625	0.10534886528943244	14.0	6.896551724137931	1.9578706666666665	1.871836	2.0602	1.941576	0.0302021	-0.022137893363833427	0.0068257530219852924		f4512b0b7542224c9bb4e288ccc668dd		0.2		False	mriqc	0.16.1					203.0	88.0	88.0	63.0	4.736474657922307	2.0	2.5	2.5	2.5	21.50440644765783	3.848922603739073	13.956567764282227	4.448275566101074	366627.0	1.3793103694915771	64.80000076293958	26.6474666595459	3.9841049695496427	48.33428922609744	277.16192626953125	269.3448181152344	58865.0	204.40491638183593	373.26205444335926	56.8656120300293	25.646934012067504
Wed, 21 Jul 2021 18:40:03 GMT	5fe4d451e76d5a8aa89de3783e3f053018a4e1fd	60f86a0348b3ccc3bffc998c	Wed, 21 Jul 2021 18:40:03 GMT	0.009973365384615386	0.02965151009615385				TODO				dcm2niix	v1.0.20190410  GCC6.3.0		45424	0.03	43	0.000294998	50			123		North_Warren_Ave_1609_Tucson_Denver_US_85719	University_of_Arizona			2D		3.0	Siemens	Skyra		3.0							2.0	True		HFS			j	2365	func_task-rest_run-01	%SiemensSeq%_ep2d_bold		Head_32	2.0	FS	EP	_epfid2d1_88	SK		syngo_MR_E11		rest	0.0256649					bold	1		1a55018ff7078688289806fed27d3e4395019e36a141e82ace71ddff3d8a6b0b	rest	0	54.35186830241544	1.1079353264734306	1.0214407737198072	0.441699953720207	3710.7958984375	0.5466281090711964	73.0	35.09615384615385	1.9684986666666664	1.875084	2.082264	1.9481480000000002	0.0339727	-0.021237662062048912	0.0075853560119867325		0ae541a5fc94f0d8fd16c57bade3d80f		0.2		False	mriqc	0.16.1					208.0	88.0	88.0	63.0	4.752952848084281	2.0	2.5	2.5	2.5	21.667644768113707	3.8062961073926447	13.918354988098145	4.456730842590332	366690.0	1.4230769872665405	63.85360717773432	26.47795867919922	4.11183494447735	47.96363867147104	277.0355529785156	269.3125	58874.0	204.82212829589844	372.85674591064446	56.66166305541992	23.894563281792216
Wed, 30 Jun 2021 19:35:12 GMT	130c1b973e63292fdc9d365744d0d17f79a032bd	60dcc770c5da832d6e150cec	Wed, 30 Jun 2021 19:35:12 GMT	0.0008050480769230769	0.012344434182692309				TODO				dcm2niix	v1.0.20190410  GCC6.3.0		45424	0.03	43	0.000294998	50			123		North_Warren_Ave_1609_Tucson_Denver_US_85719	University_of_Arizona			2D		3.0	Siemens	Skyra		3.0							2.0	True		HFS			j	2365	func_task-rest_run-01_MoCo	%SiemensSeq%_ep2d_bold		Head_32	2.0	FS	EP	_epfid2d1_88	SK		syngo_MR_E11		rest	0.0256649					bold	1		00d2826f9e715a5c9709edbc26246503c606e83eec84ec0ac9e19914c317beea	rest	0	37.13574921768115	1.1559791010628024	0.9774381854106282	0.4433046814030666	4626.0908203125	0.06891321434684415	2.0	0.9615384615384616	1.996642666666667	1.8967199999999997	2.154192	1.939016	0.00668209	-0.0013529526768252254	0.00864176545292139		43ea312122f2f2e337e6abe7416fd34f		0.2		False	mriqc	0.16.1					208.0	88.0	88.0	63.0	4.6555979757277495	2.0	2.5	2.5	2.5	32.37751937092671	4.732922670698603	16.451799392700195	5.120192527770996	359661.0	1.2355769872665405	73.8846206665039	33.10336685180664	3.208602930868838	67.60807282124124	355.88836669921875	346.3702087402344	62529.0	260.3846130371094	482.9173278808594	74.39805603027344	39.65188380796462
Wed, 30 Jun 2021 19:34:13 GMT	dc141617607603518607ac74931fcdd363f7cec4	60dcc735c5da832d6e150ce2	Wed, 30 Jun 2021 19:34:13 GMT	0.0008174519230769231	0.012338075096153846				TODO				dcm2niix	v1.0.20190410  GCC6.3.0		45424	0.03	43	0.000294998	50			123		North_Warren_Ave_1609_Tucson_Denver_US_85719	University_of_Arizona			2D		3.0	Siemens	Skyra		3.0							2.0	True		HFS			j	2365	func_task-rest_run-01	%SiemensSeq%_ep2d_bold		Head_32	2.0	FS	EP	_epfid2d1_88	SK		syngo_MR_E11		rest	0.0256649					bold	1		00d2826f9e715a5c9709edbc26246503c606e83eec84ec0ac9e19914c317beea	rest	0	37.131439061400975	1.1569574629951693	0.9776924526570046	0.44315473104552605	4648.3125	0.11876730953269274	13.0	6.25	1.9941293333333334	1.8970479999999998	2.15104	1.9343	0.00669602	-0.00143144850153476	0.00856903288513422		148e1bd3817e27dc666d5b9752aafd28		0.2		False	mriqc	0.16.1					208.0	88.0	88.0	63.0	4.65349090554783	2.0	2.5	2.5	2.5	32.34307830968906	4.732922317218689	16.45954132080078	5.125	359723.0	1.2451924085617065	73.86442565917936	33.12562561035156	3.219121210424121	67.64372621931808	355.9097900390625	346.4278869628906	62537.0	260.54713134765626	482.50483398437495	74.44413757324219	39.757970272912644
Wed, 30 Jun 2021 17:59:33 GMT	d6de0d5a41c216e3c8d8608499baae6c358ca74c	60dcb1054b0add7bb3013c89	Wed, 30 Jun 2021 17:59:33 GMT	0.0007296153846153847	0.009453492307692307				TODO				dcm2niix	v1.0.20190410  GCC6.3.0		45424	0.03	43	0.000294998	50			123		North_Warren_Ave_1609_Tucson_Denver_US_85719	University_of_Arizona			2D		3.0	Siemens	Skyra		3.0							2.0	True		HFS			j	2365	func_task-rest_run-01_MoCo	%SiemensSeq%_ep2d_bold		Head_32	2.0	FS	EP	_epfid2d1_88	SK		syngo_MR_E11		rest	0.0256649					bold	1		edd9434fe81c13489dbd69138c699fdb607c2ca124e98c269dadb7791d7e0e43	rest	0	44.37988976014493	1.2533279887922713	1.007434958550725	0.4530912706128528	4244.49365234375	0.07281346813067349	0.0	0.0	1.9700013333333333	1.8402159999999999	2.118156	1.951632	0.00342979	-0.013056525029242039	0.0183101836591959		ac7611b780e21f7a775aa94062c63598		0.2		False	mriqc	0.16.1					208.0	88.0	88.0	63.0	4.585900737046135	2.0	2.5	2.5	2.5	43.19469736963534	4.1199236357226425	12.568845748901367	4.350961685180664	351745.0	1.0	51.638462066650334	25.0968074798584	2.7213200719230954	56.32105760417445	288.56414794921875	281.7139587402344	70250.0	206.05986328125	390.0875091552735	61.430015563964844	43.271792328218
Wed, 30 Jun 2021 17:58:01 GMT	9921474e406f8e4ad389c9c37e8a1539cbb0d198	60dcb0a94b0add7bb3013c84	Wed, 30 Jun 2021 17:58:01 GMT	0.0007394230769230769	0.009502458557692307				TODO				dcm2niix	v1.0.20190410  GCC6.3.0		45424	0.03	43	0.000294998	50			123		North_Warren_Ave_1609_Tucson_Denver_US_85719	University_of_Arizona			2D		3.0	Siemens	Skyra		3.0							2.0	True		HFS			j	2365	func_task-rest_run-01	%SiemensSeq%_ep2d_bold		Head_32	2.0	FS	EP	_epfid2d1_88	SK		syngo_MR_E11		rest	0.0256649					bold	1		edd9434fe81c13489dbd69138c699fdb607c2ca124e98c269dadb7791d7e0e43	rest	0	44.36669462980676	1.2537410283574877	1.007301881352657	0.45280759517226615	4291.21484375	0.06358600790217418	1.0	0.4807692307692308	1.9719106666666668	1.838332	2.119528	1.957872	0.00344672	-0.012893792241811752	0.018626101315021515		52c503595d64b98b43731b4583c0aaf4		0.2		False	mriqc	0.16.1					208.0	88.0	88.0	63.0	4.588978411260312	2.0	2.5	2.5	2.5	43.37738616285319	4.084284376842359	12.538147926330566	4.326923370361328	351777.0	1.0	51.457695007324276	25.063472747802734	2.6790093118720275	56.38165254500494	288.544189453125	281.7452087402344	70220.0	206.2740478515625	389.7507217407227	61.395626068115234	43.34816543280613
Wed, 30 Jun 2021 17:46:25 GMT	b773008c71779e834a0886d06f59d6181e9d1307	60dcadf14b0add7bb3013c56	Wed, 30 Jun 2021 17:46:25 GMT	0.0026266346153846157	0.024651694230769232				TODO				dcm2niix	v1.0.20190410  GCC6.3.0		45424	0.03	43	0.000294998	50			123		North_Warren_Ave_1609_Tucson_Denver_US_85719	University_of_Arizona			2D		3.0	Siemens	Skyra		3.0							2.0	True		HFS			j	2365	func_task-rest_run-01_MoCo	%SiemensSeq%_ep2d_bold		Head_32	2.0	FS	EP	_epfid2d1_88	SK		syngo_MR_E11		rest	0.0256649					bold	1		c1527cbefd1575ede17e0e84a40ac832985180eabbed53ba04903c89842e84dc	rest	0	36.627331305169086	1.1500114916425124	1.0112838277294682	0.4495707062832239	6119.7255859375	0.11760295391915639	17.0	8.173076923076923	1.737781393230698	1.6087599999999997	1.8842081796920946	1.720376	0.0346997	-0.017555920407176018	0.026678437367081642		202a341a52923457455bdd05e5a2f39f		0.2		False	mriqc	0.16.1					208.0	88.0	88.0	63.0	6.293568902178783	2.0	2.5	2.499999761581421	2.5	101.95695243238661	4.376528844716067	13.302923202514648	5.240384578704834	345904.0	1.778846263885498	45.76370239257801	27.491880416870117	3.5617194658797198	57.48291497627544	408.85821533203125	404.485595703125	74986.0	321.49159240722656	511.9363250732422	64.26924133300781	36.76563449611422
Wed, 30 Jun 2021 17:45:11 GMT	c91075ada0a58a6182cd2d8c0aeed1da3221229c	60dcada7c5da832d6e150a59	Wed, 30 Jun 2021 17:45:11 GMT	0.0028625	0.024696639423076924				TODO				dcm2niix	v1.0.20190410  GCC6.3.0		45424	0.03	43	0.000294998	50			123		North_Warren_Ave_1609_Tucson_Denver_US_85719	University_of_Arizona			2D		3.0	Siemens	Skyra		3.0							2.0	True		HFS			j	2365	func_task-rest_run-01	%SiemensSeq%_ep2d_bold		Head_32	2.0	FS	EP	_epfid2d1_88	SK		syngo_MR_E11		rest	0.0256649					bold	1		c1527cbefd1575ede17e0e84a40ac832985180eabbed53ba04903c89842e84dc	rest	0	36.6098007994686	1.1530411800966194	1.0136592914975848	0.4488267454240823	6240.7021484375	0.26764110813772723	119.0	57.21153846153846	1.7403587267662106	1.615436	1.8905681802986318	1.715072	0.0350671	-0.016985902562737465	0.027614327147603035		eeb3bea0c756b9c7c00a9d60d0aa0f4d		0.2		False	mriqc	0.16.1					208.0	88.0	88.0	63.0	6.311931754456418	2.0	2.5	2.499999761581421	2.5	106.36872094587353	4.276737576627599	13.090455055236816	5.211538791656494	346006.0	1.8125001192092896	44.43629837036133	27.1306209564209	3.4542226641911267	57.10869003275555	408.9447937011719	404.56732177734375	74923.0	321.4480773925781	511.89231872558554	64.09521484375	37.03784131206339
Mon, 28 Jun 2021 19:20:51 GMT	d17da945638ec1ce6169a6a38eddfe3e3a0a329f	60da2113c5da832d6e14c5e5	Mon, 28 Jun 2021 19:20:51 GMT	0.0018541826923076923	0.0134299325				TODO				dcm2niix	v1.0.20190410  GCC6.3.0		45424	0.03	43	0.000294998	50			123		North_Warren_Ave_1609_Tucson_Denver_US_85719	University_of_Arizona			2D		3.0	Siemens	Skyra		3.0							2.0	True		HFS			j	2365	func_task-rest_run-01_MoCo	%SiemensSeq%_ep2d_bold		Head_32	2.0	FS	EP	_epfid2d1_88	SK		syngo_MR_E11		rest	0.0256649					bold	1		3e0b07ac90bc06f1c229aabee4db878a8272f8434dfacbfc2882de3a93cf7a8f	rest	0	37.41202484376811	1.1593820316425112	1.0054422983091782	0.48094451616813433	4167.44482421875	0.0929432362465333	4.0	1.9230769230769231	1.9120720000000002	1.798752	2.0312840000000003	1.9061800000000002	0.0122209	-0.0024323537945747375	0.019949013367295265		989cd5d7cb9ca92431d373dd4e230934		0.2		False	mriqc	0.16.1					208.0	88.0	88.0	63.0	5.122256381220019	2.0	2.5	2.5	2.5	26.801149694368867	4.66877119171029	16.72311782836914	5.384615421295166	338233.0	1.447115421295166	76.99519348144531	31.352617263793945	3.2662306403241494	59.86006457216368	355.46685791015625	347.875	80872.0	266.73077392578125	471.985595703125	67.91398620605469	40.07714332989417
Mon, 28 Jun 2021 19:19:47 GMT	2c8d1ae5d4180704cd1965b310de9907feb80618	60da20d3c5da832d6e14c5e1	Mon, 28 Jun 2021 19:19:47 GMT	0.0018454807692307692	0.013475408798076923				TODO				dcm2niix	v1.0.20190410  GCC6.3.0		45424	0.03	43	0.000294998	50			123		North_Warren_Ave_1609_Tucson_Denver_US_85719	University_of_Arizona			2D		3.0	Siemens	Skyra		3.0							2.0	True		HFS			j	2365	func_task-rest_run-01	%SiemensSeq%_ep2d_bold		Head_32	2.0	FS	EP	_epfid2d1_88	SK		syngo_MR_E11		rest	0.0256649					bold	1		3e0b07ac90bc06f1c229aabee4db878a8272f8434dfacbfc2882de3a93cf7a8f	rest	0	37.47036199545893	1.1612176023671503	1.005513726038647	0.4808148740900186	4205.7626953125	0.11064759434353091	9.0	4.326923076923077	1.9088453333333335	1.798808	2.026492	1.9012360000000001	0.0122358	-0.0023707610089331865	0.019823869690299034		34a7052cff48a3b371faf392e1645995		0.2		False	mriqc	0.16.1					208.0	88.0	88.0	63.0	5.118489088138491	2.0	2.5	2.5	2.5	26.80971257248621	4.654516053726039	16.707111358642578	5.375	338235.0	1.442307710647583	77.05769348144531	31.329530715942383	3.2430586605172236	59.806607097762914	355.5113525390625	347.7908935546875	80880.0	266.5863067626953	472.2836608886719	67.94754028320312	40.1082756947726
Wed, 02 Jun 2021 21:02:11 GMT	d0e210b5504556e4029c900ecbcfba9e2b37019f	60b7f1d34b0add7bb300bf8c	Wed, 02 Jun 2021 21:02:11 GMT	0.0009549519230769231	0.01647295485576923				TODO				dcm2niix	v1.0.20190410  GCC6.3.0		45424	0.03	43	0.000294998	50			123		North_Warren_Ave_1609_Tucson_Denver_US_85719	University_of_Arizona			2D		3.0	Siemens	Skyra		3.0							2.0	True		HFS			j	2365	func_task-rest_run-01_MoCo	%SiemensSeq%_ep2d_bold		Head_32	2.0	FS	EP	_epfid2d1_88	SK		syngo_MR_E11		rest	0.0256649					bold	1		79875fbd9f56f3d16016e088e66a71b8538bc9e94104ae2e9e8e2644f8db0555	rest	0	36.18153897338165	1.196020056811594	0.9662500900000002	0.434095263635332	7228.12109375	0.06899783338380534	0.0	0.0	1.8122666666666667	1.677656	1.9750800000000002	1.784064	0.00831551	-0.003585209371522069	0.025755973532795906		deefc101ff95b401497d318315f16976		0.2		False	mriqc	0.16.1					208.0	88.0	88.0	63.0	5.213164441801818	2.0	2.5	2.5	2.5	53.62243760438823	4.64026020878196	16.543794631958008	5.086538791656494	357402.0	1.201923131942749	74.07188034057623	35.2232551574707	3.5601326920998764	71.13640186797902	435.3307800292969	427.7596435546875	65654.0	327.03486785888674	568.65869140625	82.05311584472656	39.644193469546735
Wed, 02 Jun 2021 21:01:19 GMT	08319532752014a1020f49c33e8538ac5deb971c	60b7f19f4b0add7bb300bf8b	Wed, 02 Jun 2021 21:01:19 GMT	0.0009559134615384616	0.01661564120192308				TODO				dcm2niix	v1.0.20190410  GCC6.3.0		45424	0.03	43	0.000294998	50			123		North_Warren_Ave_1609_Tucson_Denver_US_85719	University_of_Arizona			2D		3.0	Siemens	Skyra		3.0							2.0	True		HFS			j	2365	func_task-rest_run-01	%SiemensSeq%_ep2d_bold		Head_32	2.0	FS	EP	_epfid2d1_88	SK		syngo_MR_E11		rest	0.0256649					bold	1		79875fbd9f56f3d16016e088e66a71b8538bc9e94104ae2e9e8e2644f8db0555	rest	0	36.15631953067632	1.195850581014492	0.9662838885507249	0.43375071672908416	7371.77294921875	0.08270975025377904	10.0	4.8076923076923075	1.8112640000000002	1.6809999999999998	1.9656040000000001	1.787188	0.00833043	-0.003600009484216571	0.026060299947857857		16875cd3b5c78d8aed7069ac853644b6		0.2		False	mriqc	0.16.1					208.0	88.0	88.0	63.0	5.227283458897072	2.0	2.5	2.5	2.5	53.83110779861046	4.540470001133235	16.51262664794922	5.04807710647583	357426.0	1.2355769872665405	73.85096740722656	35.210060119628906	3.6036325151749375	70.93327251434191	435.4356384277344	427.8942565917969	65500.0	327.2831802368164	568.5822082519531	81.85723876953125	39.76268087513745
Wed, 02 Jun 2021 20:12:35 GMT	1ebb81a46adadc8d1a3d44f1ee715afb2be7cba0	60b7e6334b0add7bb300bf83	Wed, 02 Jun 2021 20:12:35 GMT	0.0011989903846153847	0.015760231634615384				TODO				dcm2niix	v1.0.20190410  GCC6.3.0		45424	0.03	43	0.000294998	50			123		North_Warren_Ave_1609_Tucson_Denver_US_85719	University_of_Arizona			2D		3.0	Siemens	Skyra		3.0							2.0	True		HFS			j	2365	func_task-rest_run-01_MoCo	%SiemensSeq%_ep2d_bold		Head_32	2.0	FS	EP	_epfid2d1_88	SK		syngo_MR_E11		rest	0.0256649					bold	1		467f0b465b69f07e5a92a7f43ccbf6cc1d6be796e03619dbeb85b634f1dc06a3	rest	0	38.26518945173914	1.2111481264251198	0.9915291977294686	0.4069319658543617	7800.83447265625	0.07600037745566794	1.0	0.4807692307692308	1.8560346743782157	1.7327878347484746	1.9753721883861723	1.859944	0.00672058	-0.01077553816139698	0.013026287779211998		e9b0cfd9ad36c69177d98f801c36e93f		0.2		False	mriqc	0.16.1					208.0	88.0	88.0	63.0	5.606486716042525	2.0	2.500000238418579	2.499999761581421	2.5	61.763478969810805	2.9295651781309204	10.565971374511719	3.875000238418579	367035.0	1.389423131942749	38.87644309997553	22.37517547607422	3.0831734479149597	55.921925051972686	344.20843505859375	339.39666748046875	57992.0	260.9471130371094	442.9204437255859	60.53590393066406	41.05927595868707
Wed, 02 Jun 2021 20:11:49 GMT	80ce949e8e43a64492c8dc5ab6a8c70e73d26555	60b7e6054b0add7bb300bf82	Wed, 02 Jun 2021 20:11:49 GMT	0.0012103365384615386	0.01574949826923077				TODO				dcm2niix	v1.0.20190410  GCC6.3.0		45424	0.03	43	0.000294998	50			123		North_Warren_Ave_1609_Tucson_Denver_US_85719	University_of_Arizona			2D		3.0	Siemens	Skyra		3.0							2.0	True		HFS			j	2365	func_task-rest_run-01	%SiemensSeq%_ep2d_bold		Head_32	2.0	FS	EP	_epfid2d1_88	SK		syngo_MR_E11		rest	0.0256649					bold	1		467f0b465b69f07e5a92a7f43ccbf6cc1d6be796e03619dbeb85b634f1dc06a3	rest	0	38.44327228173913	1.2167484221739135	0.9912472455555552	0.40693650252650654	7779.50732421875	0.11149606815462823	18.0	8.653846153846153	1.8587120076126211	1.737987834252564	1.9774601885852994	1.8606880000000001	0.0067515	-0.011125116609036922	0.012814035639166832		496f336b07b930c7213455a5533f4454		0.2		False	mriqc	0.16.1					208.0	88.0	88.0	63.0	5.615425059422987	2.0	2.500000238418579	2.499999761581421	2.5	61.838348713201924	2.8939253890307652	10.565229415893555	3.884615421295166	367057.0	1.4134615659713745	38.79423141479498	22.372478485107422	3.1041204344240922	55.91122450800673	344.2158508300781	339.423095703125	57957.0	260.9375	442.3807983398437	60.444252014160156	41.18347795144655
Wed, 05 May 2021 20:49:48 GMT	35bdafa3c3faff3da09745d04db85bebf5d87054	609304ecc5da832d6e1468b4	Wed, 05 May 2021 20:49:48 GMT	0.001003798076923077	0.011322969855769232				TODO				dcm2niix	v1.0.20190410  GCC6.3.0		45424	0.03	43	0.000294998	50			123		North_Warren_Ave_1609_Tucson_Denver_US_85719	University_of_Arizona			2D		3.0	Siemens	Skyra		3.0							2.0	True		HFS			j	2365	func_task-rest_run-01	%SiemensSeq%_ep2d_bold		Head_32	2.0	FS	EP	_epfid2d1_88	SK		syngo_MR_E11		rest	0.0256649					bold	1		ec65a1dab71e62fc78385932f0a0f86e85b52f43f30a22f1bba2671e8e042907	rest	0	39.62065771362319	1.194649945652174	0.9996762509661833	0.42615456626236425	6811.73681640625	0.13023390823751774	37.0	17.78846153846154	1.807504	1.684104	1.91846	1.8199480000000001	0.0125754	-0.010260959155857563	0.017516473308205605		58971567550155dc49bc90ed837d8e16		0.2		False	mriqc	0.16.1					208.0	88.0	88.0	63.0	4.399944383981406	2.0	2.5	2.5	2.5	43.30846859760802	2.8582859534105247	10.400774002075195	3.826923131942749	355449.0	1.2932692766189575	38.45673370361328	21.563127517700195	3.595322718015944	57.15859574097734	325.11798095703125	312.625	67231.0	241.13462829589844	449.5120391845703	71.05150604248047	42.11715653538704
Fri, 30 Apr 2021 00:39:09 GMT	39b0bafe2ee8b624298596f159c37c770cd3be13	608b51adc5da832d6e1464fd	Fri, 30 Apr 2021 00:39:09 GMT	0.001003798076923077	0.011322969855769232				TODO				dcm2niix	v1.0.20190410  GCC6.3.0		45424	0.03	43	0.000294998	50			123		North_Warren_Ave_1609_Tucson_Denver_US_85719	University_of_Arizona			2D		3.0	Siemens	Skyra		3.0							2.0	True		HFS			j	2365	func_task-rest_run-01	%SiemensSeq%_ep2d_bold		Head_32	2.0	FS	EP	_epfid2d1_88	SK		syngo_MR_E11		rest	0.0256649					bold	1		ec65a1dab71e62fc78385932f0a0f86e85b52f43f30a22f1bba2671e8e042907	rest	0	39.62065771362319	1.194649945652174	0.9996762575845405	0.42615456626236425	6811.73681640625	0.13023390823751774	37.0	17.78846153846154	1.807504	1.684104	1.91846	1.8199480000000001	0.0125754	-0.010260959155857563	0.017516473308205605		bc9afc6762496967faeae452fe4562ae		0.2		False	mriqc	0.16.1					208.0	88.0	88.0	63.0	4.399944383981406	2.0	2.5	2.5	2.5	43.30846859760802	2.8582859534105247	10.400774002075195	3.826923131942749	355449.0	1.2932692766189575	38.45673370361328	21.563127517700195	3.595322718015944	57.15859574097734	325.11798095703125	312.625	67231.0	241.13462829589844	449.5120391845703	71.05150604248047	42.11715653538704
Sun, 21 Feb 2021 15:30:17 GMT	10c08b7af2b3ab36611c6a84f93e6f678d694267	60327c8904e712e94a02498c	Sun, 21 Feb 2021 15:30:17 GMT	0.00017566202090592335	0.010073255470383275				http://www.cognitiveatlas.org/task/id/TODO				dcm2niix	v1.0.20190410  GCC6.3.0		46102	0.033	84	0.000600008	70			123		Thatcher_Rd._240_Amherst_Massachusetts_US_01003	UMASS			2D		3.0	Siemens	Skyra		3.0								True		HFS			j-	2125	ep2d_bold_fun_loc	%SiemensSeq%_ep2d_bold		HeadNeck_64	1.25	FS	EP	_epfid2d1_84	SK		syngo_MR_E11		floc	0.0498007					bold	1		4b227777d4dd1fc61c6f884f48641d02b4d121d3fd328cb08b5531fcacdabf8a	floc	2	31.13247983917974	1.2895673669633507	0.9913388045898789	0.5386080474223134	2558.190673828125	0.11935262521942436	2.0	0.34843205574912894	1.7382893333333334	1.629308	1.890436	1.6951239999999999	0.00652291	-0.016945984214544296	0.05294626206159592		280dcf567060bc693022533037df4838		0.2		False	mriqc	0.16.1					574.0	84.0	84.0	42.0	6.709243394500289	1.25	2.5	2.5	2.5	29.405789721904533	8.205971170377575	29.660751342773438	11.804878234863281	180515.0	5.0853657722473145	105.24651794433584	52.812110900878906	2.0768185031418707	83.3421255215313	616.811279296875	611.872802734375	64106.0	487.9067916870117	768.9294586181641	91.19776916503906	59.881997583201155
Sun, 21 Feb 2021 15:22:38 GMT	202cd9682610e44710213fb9a33cba77c369f276	60327abe04e712e94a02498b	Sun, 21 Feb 2021 15:22:38 GMT	0.0003927237354085603	0.009712047120622569				http://www.cognitiveatlas.org/task/id/TODO				dcm2niix	v1.0.20190410  GCC6.3.0		46102	0.033	84	0.000600008	70			123		Thatcher_Rd._240_Amherst_Massachusetts_US_01003	UMASS			2D		3.0	Siemens	Skyra		3.0								True		HFS			j-	2125	ep2d_bold_study_1	%SiemensSeq%_ep2d_bold		HeadNeck_64	1.25	FS	EP	_epfid2d1_84	SK		syngo_MR_E11		study	0.0498007					bold	1		4b227777d4dd1fc61c6f884f48641d02b4d121d3fd328cb08b5531fcacdabf8a	study	1	32.766982026210904	1.3235541260156247	0.9937693835156245	0.53717940454282	2587.34033203125	0.15954035370137037	67.0	26.070038910505836	1.6962506666666666	1.58394	1.857764	1.6470479999999998	0.00754258	-0.017899656668305397	0.05346104875206947		a542db5e87b3196385c2926e3cf6e925		0.2		False	mriqc	0.16.1					257.0	84.0	84.0	42.0	6.746865651391553	1.25	2.5	2.5	2.5	29.200716805897912	8.474485824643896	30.830846786499023	12.038910865783691	181244.0	5.190661430358887	108.08832550048834	57.0885124206543	2.7234865144375595	83.41221069110115	632.864990234375	627.6692504882812	63403.0	502.2389221191406	784.4299438476562	93.03050231933594	61.501078319270164
Sun, 21 Feb 2021 15:21:36 GMT	72a4141e6c5dd8cd27656e1c4963caae04250766	60327a8004e712e94a02498a	Sun, 21 Feb 2021 15:21:36 GMT	0.0003455197132616487	0.008692121075268816				http://www.cognitiveatlas.org/task/id/TODO				dcm2niix	v1.0.20190410  GCC6.3.0		46102	0.033	84	0.000600008	70			123		Thatcher_Rd._240_Amherst_Massachusetts_US_01003	UMASS			2D		3.0	Siemens	Skyra		3.0								True		HFS			j-	2125	ep2d_bold_study_2	%SiemensSeq%_ep2d_bold		HeadNeck_64	1.25	FS	EP	_epfid2d1_84	SK		syngo_MR_E11		study	0.0498007					bold	2		4b227777d4dd1fc61c6f884f48641d02b4d121d3fd328cb08b5531fcacdabf8a	study	1	32.099229675755424	1.3233870801798555	0.9963171378417268	0.5380609515219293	2539.037109375	0.1475685110946517	47.0	16.845878136200717	1.6871706666666666	1.57266	1.8448360000000001	1.644016	0.00637848	-0.018640484660863876	0.05393942445516586		696599d5bbf149e1050bed0832e9e4aa		0.2		False	mriqc	0.16.1					279.0	84.0	84.0	42.0	6.735728527408317	1.25	2.5	2.5	2.5	29.873609764607338	8.566146701223344	31.176958084106445	12.136200904846191	181254.0	5.222222328186035	109.95358390808111	57.688697814941406	2.7118465969104815	83.00454937552695	631.6564331054688	626.7598266601562	63398.0	500.9958892822266	782.7573577880859	93.04930877685547	64.53347707958892
Sun, 21 Feb 2021 15:21:02 GMT	f473fa4237ed42f7a0847bf52377b9647c560c3a	60327a5e094ee7975e9aa793	Sun, 21 Feb 2021 15:21:02 GMT	0.00033584229390681	0.008205274587813621				http://www.cognitiveatlas.org/task/id/TODO				dcm2niix	v1.0.20190410  GCC6.3.0		46102	0.033	84	0.000600008	70			123		Thatcher_Rd._240_Amherst_Massachusetts_US_01003	UMASS			2D		3.0	Siemens	Skyra		3.0								True		HFS			j-	2125	ep2d_bold_study_3	%SiemensSeq%_ep2d_bold		HeadNeck_64	1.25	FS	EP	_epfid2d1_84	SK		syngo_MR_E11		study	0.0498007					bold	3		4b227777d4dd1fc61c6f884f48641d02b4d121d3fd328cb08b5531fcacdabf8a	study	1	31.86054250971226	1.3124846793525184	0.9992333897122297	0.5380601328358064	2529.9560546875	0.14965775035788945	53.0	18.996415770609318	1.6874453333333335	1.57436	1.8397	1.6482759999999999	0.00444283	-0.018707318231463432	0.05348748713731766		545d1ac58693c431c5e68db2d85b4546		0.2		False	mriqc	0.16.1					279.0	84.0	84.0	42.0	6.686941270780573	1.25	2.5	2.5	2.5	30.420592396210793	8.550204050128183	31.25410270690918	12.150537490844727	181328.0	5.229390621185303	111.52437095642085	57.94466018676758	2.6872651712964206	83.7697400713084	631.0015869140625	625.7598266601562	63447.0	499.37240905761723	783.8405029296874	93.57864379882812	66.4352898253128
Sun, 21 Feb 2021 15:20:36 GMT	fab2a7d76f5d12141cc2e9155fe127eed6802e6e	60327a4404e712e94a024989	Sun, 21 Feb 2021 15:20:36 GMT	0.00031903225806451617	0.009176425913978494				http://www.cognitiveatlas.org/task/id/TODO				dcm2niix	v1.0.20190410  GCC6.3.0		46102	0.033	84	0.000600008	70			123		Thatcher_Rd._240_Amherst_Massachusetts_US_01003	UMASS			2D		3.0	Siemens	Skyra		3.0								True		HFS			j-	2125	ep2d_bold_study_4	%SiemensSeq%_ep2d_bold		HeadNeck_64	1.25	FS	EP	_epfid2d1_84	SK		syngo_MR_E11		study	0.0498007					bold	4		4b227777d4dd1fc61c6f884f48641d02b4d121d3fd328cb08b5531fcacdabf8a	study	1	31.724666979748214	1.3110918224820152	0.9935246548201438	0.5383681367932576	2516.0361328125	0.1459032532119219	40.0	14.336917562724015	1.688212	1.577152	1.8381440000000002	1.64934	0.00548923	-0.019029639661312103	0.05362219735980034		3d11b26538c9406bea09b7e1634ab0b5		0.2		False	mriqc	0.16.1					279.0	84.0	84.0	42.0	6.6766086579069786	1.25	2.5	2.5	2.5	30.58534178946946	8.560831777231796	31.31742286682129	12.172042846679688	181274.0	5.243727684020996	111.23422622680665	58.00659942626953	2.6539786819250795	83.79892337303374	630.7583618164062	625.5716552734375	63518.0	499.27024841308594	784.2621978759765	93.69528198242188	63.884073549415916
Sun, 21 Feb 2021 15:13:26 GMT	67395457030edb815b2f5330a599b3c55f25a64b	60327896094ee7975e9aa790	Sun, 21 Feb 2021 15:13:26 GMT	0.0004503225806451613	0.00853940598566308				http://www.cognitiveatlas.org/task/id/TODO				dcm2niix	v1.0.20190410  GCC6.3.0		46102	0.033	84	0.000600008	70			123		Thatcher_Rd._240_Amherst_Massachusetts_US_01003	UMASS			2D		3.0	Siemens	Skyra		3.0								True		HFS			j-	2125	ep2d_bold_study_5	%SiemensSeq%_ep2d_bold		HeadNeck_64	1.25	FS	EP	_epfid2d1_84	SK		syngo_MR_E11		study	0.0498007					bold	5		4b227777d4dd1fc61c6f884f48641d02b4d121d3fd328cb08b5531fcacdabf8a	study	1	31.203471156366902	1.3183596630215833	1.0032888634172652	0.5391908095616165	2474.276123046875	0.14035240780657698	32.0	11.469534050179211	1.692824	1.570516	1.853464	1.654492	0.00589066	-0.019463438540697098	0.05417575314640999		c7cbf34d0a3764a8437a8d63ad12c5f5		0.2		False	mriqc	0.16.1					279.0	84.0	84.0	42.0	6.684812364509518	1.25	2.5	2.5	2.5	31.04877406009242	8.698995764377898	31.57935905456543	12.258064270019531	181221.0	5.250895977020264	112.59140014648438	58.31613540649414	2.6114975268865726	83.97153468478909	629.8295288085938	624.7061157226562	63583.0	498.8860321044922	783.4835266113281	93.45082092285156	66.0586370669771
Sun, 21 Feb 2021 15:12:20 GMT	f280f1f37e9403577f08d07324b73ad8d5849119	60327854094ee7975e9aa78f	Sun, 21 Feb 2021 15:12:20 GMT	0.0003598201438848921	0.008727137122302159				http://www.cognitiveatlas.org/task/id/TODO				dcm2niix	v1.0.20190410  GCC6.3.0		46102	0.033	84	0.000600008	70			123		Thatcher_Rd._240_Amherst_Massachusetts_US_01003	UMASS			2D		3.0	Siemens	Skyra		3.0								True		HFS			j-	2125	ep2d_bold_study_6	%SiemensSeq%_ep2d_bold		HeadNeck_64	1.25	FS	EP	_epfid2d1_84	SK		syngo_MR_E11		study	0.0498007					bold	6		4b227777d4dd1fc61c6f884f48641d02b4d121d3fd328cb08b5531fcacdabf8a	study	2	30.737958914909743	1.3068449700722027	1.0049382618411558	0.540057584595465	2429.166015625	0.13538289977185222	28.0	10.071942446043165	1.686876	1.566872	1.8492000000000002	1.6445560000000001	0.00472517	-0.019394904375076294	0.05416756123304367		10bb8db4691146253c5caf4a5a3b7fad		0.2		False	mriqc	0.16.1					278.0	84.0	84.0	42.0	6.714817773176389	1.25	2.5	2.5	2.5	32.27331254420191	8.746286428193633	31.63248634338379	12.327338218688965	180951.0	5.273381233215332	112.04316711425781	58.597900390625	2.690278869951255	83.68173771184206	629.2246704101562	623.651123046875	63748.0	499.4689010620117	782.1376190185546	92.8761215209961	65.86090517113917
Sun, 21 Feb 2021 15:11:44 GMT	f5953789d860ab92bbe19b3075800e64a52c2fb3	6032783004e712e94a024988	Sun, 21 Feb 2021 15:11:44 GMT	0.0003302150537634408	0.008687464874551973				http://www.cognitiveatlas.org/task/id/TODO				dcm2niix	v1.0.20190410  GCC6.3.0		46102	0.033	84	0.000600008	70			123		Thatcher_Rd._240_Amherst_Massachusetts_US_01003	UMASS			2D		3.0	Siemens	Skyra		3.0								True		HFS			j-	2125	ep2d_bold_study_7	%SiemensSeq%_ep2d_bold		HeadNeck_64	1.25	FS	EP	_epfid2d1_84	SK		syngo_MR_E11		study	0.0498007					bold	7		4b227777d4dd1fc61c6f884f48641d02b4d121d3fd328cb08b5531fcacdabf8a	study	1	30.535642088920852	1.297530891582734	0.9990984801438848	0.5405596171640412	2410.284423828125	0.1333246027677213	19.0	6.810035842293907	1.683248	1.567264	1.8454039999999998	1.637076	0.00628148	-0.01974593847990036	0.05407780408859253		149b193f3567bb47bfb5672ebcd23af6		0.2		False	mriqc	0.16.1					279.0	84.0	84.0	42.0	6.727753951484902	1.25	2.5	2.5	2.5	31.27826483648297	8.77870619201439	31.737812042236328	12.358423233032227	180977.0	5.27957010269165	113.17060852050763	58.344627380371094	2.7678968849139816	83.34995298075374	628.0594482421875	622.5017700195312	63793.0	498.58494262695314	779.6752685546875	92.52670288085938	65.99393418373074
Sun, 21 Feb 2021 15:11:00 GMT	5204f52a41b0495b835209177f01ea315b1e790b	60327804094ee7975e9aa78e	Sun, 21 Feb 2021 15:11:00 GMT	0.0004559642857142857	0.008572299178571429				http://www.cognitiveatlas.org/task/id/TODO				dcm2niix	v1.0.20190410  GCC6.3.0		46102	0.033	84	0.000600008	70			123		Thatcher_Rd._240_Amherst_Massachusetts_US_01003	UMASS			2D		3.0	Siemens	Skyra		3.0								True		HFS			j-	2125	ep2d_bold_study_8	%SiemensSeq%_ep2d_bold		HeadNeck_64	1.25	FS	EP	_epfid2d1_84	SK		syngo_MR_E11		study	0.0498007					bold	8		4b227777d4dd1fc61c6f884f48641d02b4d121d3fd328cb08b5531fcacdabf8a	study	0	30.50942327985664	1.2971247303584235	0.9995919576344088	0.5408747757263054	2409.5009765625	0.13072901224312905	19.0	6.785714285714286	1.6883146666666669	1.575116	1.845412	1.644416	0.00627374	-0.01938714273273945	0.052809517830610275		1a051a3372ab11615ecaa7cc96521006		0.2		False	mriqc	0.16.1					280.0	84.0	84.0	42.0	6.7121108160667	1.25	2.5	2.5	2.5	31.145186672109702	8.76323861792406	31.66474151611328	12.35714340209961	180768.0	5.275000095367432	112.91768074035639	58.133636474609375	2.607517367398896	83.9973698247661	627.9837036132812	622.6214599609375	63944.0	498.12928466796876	780.2917755126953	92.76017761230469	66.16189863602631
Sun, 21 Feb 2021 15:10:04 GMT	56f5f405ae3cfb59ab27d4a5c215d071592fc502	603277cc04e712e94a024987	Sun, 21 Feb 2021 15:10:04 GMT	0.000465268817204301	0.008354958853046596				http://www.cognitiveatlas.org/task/id/TODO				dcm2niix	v1.0.20190410  GCC6.3.0		46102	0.033	84	0.000600008	70			123		Thatcher_Rd._240_Amherst_Massachusetts_US_01003	UMASS			2D		3.0	Siemens	Skyra		3.0								True		HFS			j-	2125	ep2d_bold_study_9	%SiemensSeq%_ep2d_bold		HeadNeck_64	1.25	FS	EP	_epfid2d1_84	SK		syngo_MR_E11		study	0.0498007					bold	9		4b227777d4dd1fc61c6f884f48641d02b4d121d3fd328cb08b5531fcacdabf8a	study	1	30.190327939496395	1.3015529860071946	1.0073149246402884	0.5413973466380516	2394.93115234375	0.12883034841074434	15.0	5.376344086021505	1.6823706666666667	1.574376	1.836244	1.636492	0.00744245	-0.019786598160862923	0.0534045584499836		e9a0198889257199cd365ad3ae0644e7		0.2		False	mriqc	0.16.1					279.0	84.0	84.0	42.0	6.708903595428252	1.25	2.5	2.5	2.5	30.44883317718564	8.815903590356948	31.820241928100586	12.397849082946777	180812.0	5.2939066886901855	113.9419368743894	57.994380950927734	2.536384133786859	83.63156053104608	626.7977294921875	621.4982299804688	64003.0	496.95269470214845	779.3770751953124	92.63710021972656	67.14141899859533
Sun, 21 Feb 2021 15:09:20 GMT	2e84be43ac8730df11e34e651b7388eed51d95b5	603277a0094ee7975e9aa78d	Sun, 21 Feb 2021 15:09:20 GMT	0.00036625	0.009892964928571429				http://www.cognitiveatlas.org/task/id/TODO				dcm2niix	v1.0.20190410  GCC6.3.0		46102	0.033	84	0.000600008	70			123		Thatcher_Rd._240_Amherst_Massachusetts_US_01003	UMASS			2D		3.0	Siemens	Skyra		3.0								True		HFS			j-	2125	ep2d_bold_study_10	%SiemensSeq%_ep2d_bold		HeadNeck_64	1.25	FS	EP	_epfid2d1_84	SK		syngo_MR_E11		study	0.0498007					bold	10		4b227777d4dd1fc61c6f884f48641d02b4d121d3fd328cb08b5531fcacdabf8a	study	0	30.126776062903225	1.275792182867383	0.9872919088530459	0.5416188902219157	2383.56640625	0.12778498031448302	19.0	6.785714285714286	1.687092	1.578116	1.8423120000000002	1.640848	0.00673303	-0.01999419368803501	0.05342455208301544		ea663652c304a0794c36e87706ee355b		0.2		False	mriqc	0.16.1					280.0	84.0	84.0	42.0	6.715347558567935	1.25	2.5	2.5	2.5	31.145053630834248	8.832074589476752	31.83637046813965	12.407142639160156	180789.0	5.289285659790039	113.78285675048832	57.93833923339844	2.479437053626328	83.59495697895956	625.9752197265625	620.73388671875	63990.0	496.4318023681641	778.666061401367	92.43438720703125	62.67740205442533
Sun, 21 Feb 2021 15:08:36 GMT	8802774be6f784439ae9e8d3088032cc857e60ae	6032777404e712e94a024986	Sun, 21 Feb 2021 15:08:36 GMT	0.00035062717770034847	0.008946030766550522				http://www.cognitiveatlas.org/task/id/TODO				dcm2niix	v1.0.20190410  GCC6.3.0		46102	0.033	84	0.000600008	70			123		Thatcher_Rd._240_Amherst_Massachusetts_US_01003	UMASS			2D		3.0	Siemens	Skyra		3.0								True		HFS			j-	2125	ep2d_bold_test_1	%SiemensSeq%_ep2d_bold		HeadNeck_64	1.25	FS	EP	_epfid2d1_84	SK		syngo_MR_E11		test	0.0498007					bold	1		4b227777d4dd1fc61c6f884f48641d02b4d121d3fd328cb08b5531fcacdabf8a	test	1	30.70773900968532	1.287210291258743	0.9984836787762247	0.5372300207022439	2637.198974609375	0.13399905575249826	10.0	3.484320557491289	1.7018333333333333	1.586868	1.857084	1.6615480000000002	0.00754146	-0.01730220951139927	0.0545288510620594		30ece9d607090f349bd2043f8dc8a394		0.2		False	mriqc	0.16.1					287.0	84.0	84.0	42.0	6.8443099965071985	1.25	2.5	2.5	2.5	31.32171990783067	8.16206189542212	29.536823272705078	11.71777057647705	180717.0	5.04878044128418	103.64878234863275	53.86176681518555	2.446343300451727	81.64130459880656	622.41796875	617.421630859375	63791.0	496.397216796875	771.7839660644531	90.20877075195312	64.56631419877522
Sun, 21 Feb 2021 15:07:56 GMT	b98b67a09371bc900c2725d3cfb4ce69c27d17ec	6032774c094ee7975e9aa78c	Sun, 21 Feb 2021 15:07:56 GMT	0.00041846689895470385	0.008634863867595818				http://www.cognitiveatlas.org/task/id/TODO				dcm2niix	v1.0.20190410  GCC6.3.0		46102	0.033	84	0.000600008	70			123		Thatcher_Rd._240_Amherst_Massachusetts_US_01003	UMASS			2D		3.0	Siemens	Skyra		3.0								True		HFS			j-	2125	ep2d_bold_test_2	%SiemensSeq%_ep2d_bold		HeadNeck_64	1.25	FS	EP	_epfid2d1_84	SK		syngo_MR_E11		test	0.0498007					bold	2		4b227777d4dd1fc61c6f884f48641d02b4d121d3fd328cb08b5531fcacdabf8a	test	1	30.337005962307725	1.2897218353496498	1.0006108323776233	0.5371367972693808	2653.560546875	0.12811306216538235	9.0	3.1358885017421603	1.697368	1.5903639999999999	1.8498080000000001	1.651932	0.0085961	-0.01712777093052864	0.05450757220387459		0f35273ad35bfad006bec0b3cf559f82		0.2		False	mriqc	0.16.1					287.0	84.0	84.0	42.0	6.836342996379057	1.25	2.5	2.5	2.5	31.14699850607	8.125900193228487	29.690723419189453	11.707317352294922	180825.0	5.0599305152893095	104.57700500488272	54.46379089355469	2.4917453833286825	81.6154242134005	622.9076538085938	617.68115234375	63722.0	496.3876495361328	772.0092193603515	90.35186004638672	65.92719952866901
Sun, 21 Feb 2021 15:02:58 GMT	1ed1e0e055937f1c2ce79e5edca7d947d3cf2c7b	6032762204e712e94a024985	Sun, 21 Feb 2021 15:02:58 GMT	0.0026610763888888895	0.01598682767361111				http://www.cognitiveatlas.org/task/id/TODO				dcm2niix	v1.0.20190410  GCC6.3.0		46102	0.033	84	0.000600008	70			123		Thatcher_Rd._240_Amherst_Massachusetts_US_01003	UMASS			2D		3.0	Siemens	Skyra		3.0								True		HFS			j-	2125	ep2d_bold_fun_loc	%SiemensSeq%_ep2d_bold		HeadNeck_64	1.25	FS	EP	_epfid2d1_84	SK		syngo_MR_E11		floc	0.0498007					bold	1		ef2d127de37b942baad06145e54b0c619a1f22327b2ebbcfbec78f5564afe39d	floc	0	52.89194402939133	1.2288924318782606	1.0096878254608685	0.6055779960767427	265.8185119628906	0.2347911163312474	199.0	34.548611111111114	2.7972906666666666	3.125036	2.191424	3.075412	0.0219412	-0.029283905401825905	0.0958881750702858		44c268c071ab00cbb223bb66a1c51ed9		0.2		False	mriqc	0.16.1					576.0	84.0	84.0	42.0	3.1148034035115097	1.25	2.5	2.5	2.5	11.19963768223357	39.42666608149527	59.207130432128906	34.763023376464844	164062.0	3.1875868082046526	201.7248245239255	75.40948486328125	102.3020933262333	122.11515068468306	625.6478271484375	607.2369995117188	75120.0	425.9098190307617	845.8023254394532	194.95065307617188	30.633829961530864
Sun, 21 Feb 2021 14:59:29 GMT	635e8e98d2585486ecab7fd7752f6cff08bb6d5e	6032755104e712e94a024984	Sun, 21 Feb 2021 14:59:29 GMT	0.0003990972222222222	0.008611320520833333				http://www.cognitiveatlas.org/task/id/TODO				dcm2niix	v1.0.20190410  GCC6.3.0		46102	0.033	84	0.000600008	70			123		Thatcher_Rd._240_Amherst_Massachusetts_US_01003	UMASS			2D		3.0	Siemens	Skyra		3.0								True		HFS			j-	2125	ep2d_bold_test_3	%SiemensSeq%_ep2d_bold		HeadNeck_64	1.25	FS	EP	_epfid2d1_84	SK		syngo_MR_E11		test	0.0498007					bold	3		4b227777d4dd1fc61c6f884f48641d02b4d121d3fd328cb08b5531fcacdabf8a	test	0	30.666983401672486	1.2910700137282232	0.9970483091986067	0.5375016465197996	2634.807861328125	0.1299824300561067	9.0	3.125	1.6937573333333333	1.588724	1.8393039999999998	1.6532440000000002	0.00484646	-0.017798125743865967	0.05485476925969124		761238c6deb4df41f98edc60a93d1d18		0.2		False	mriqc	0.16.1					288.0	84.0	84.0	42.0	6.833165618103717	1.25	2.5	2.5	2.5	31.16531240911479	8.164607657764973	29.887388229370117	11.75	180873.0	5.083333492279053	105.8208312988281	54.846595764160156	2.5374817703499053	80.97167224913971	622.2937622070312	616.9652709960938	63728.0	495.7456710815429	771.4003356933594	90.28910827636719	66.2851975671947
Sun, 21 Feb 2021 14:58:44 GMT	dd7d1ba2b2a9014c4e848e8f6f16e8851d311615	60327524094ee7975e9aa78b	Sun, 21 Feb 2021 14:58:44 GMT	0.00036445993031358883	0.008806260243902438				http://www.cognitiveatlas.org/task/id/TODO				dcm2niix	v1.0.20190410  GCC6.3.0		46102	0.033	84	0.000600008	70			123		Thatcher_Rd._240_Amherst_Massachusetts_US_01003	UMASS			2D		3.0	Siemens	Skyra		3.0								True		HFS			j-	2125	ep2d_bold_test_4	%SiemensSeq%_ep2d_bold		HeadNeck_64	1.25	FS	EP	_epfid2d1_84	SK		syngo_MR_E11		test	0.0498007					bold	4		4b227777d4dd1fc61c6f884f48641d02b4d121d3fd328cb08b5531fcacdabf8a	test	1	31.36873321933565	1.3025729130769226	0.9988726084265731	0.5381112829209628	2612.47119140625	0.1328109774391413	18.0	6.2717770034843205	1.6986173333333332	1.585072	1.848716	1.6620640000000002	0.00714044	-0.017704302445054054	0.05445381999015808		58a05ae66f91c6969eeef24485cb0b8a		0.2		False	mriqc	0.16.1					287.0	84.0	84.0	42.0	6.812787609156833	1.25	2.5	2.5	2.5	30.215857998857366	8.193055721268555	29.944381713867188	11.770034790039062	180732.0	5.087108135223389	105.64233779907208	54.700233459472656	2.540398907783633	81.00587779348757	621.4441528320312	616.1741943359375	63874.0	494.6167297363281	770.0618743896484	90.44306182861328	65.13699067384005
Sun, 21 Feb 2021 14:58:02 GMT	a2c844fd5cb6b1e3f11503af444c8baf7048accf	603274fa04e712e94a024983	Sun, 21 Feb 2021 14:58:02 GMT	0.00031403571428571434	0.008711896214285714				http://www.cognitiveatlas.org/task/id/TODO				dcm2niix	v1.0.20190410  GCC6.3.0		46102	0.033	84	0.000600008	70			123		Thatcher_Rd._240_Amherst_Massachusetts_US_01003	UMASS			2D		3.0	Siemens	Skyra		3.0								True		HFS			j-	2125	ep2d_bold_test_5	%SiemensSeq%_ep2d_bold		HeadNeck_64	1.25	FS	EP	_epfid2d1_84	SK		syngo_MR_E11		test	0.0498007					bold	5		4b227777d4dd1fc61c6f884f48641d02b4d121d3fd328cb08b5531fcacdabf8a	test	8	31.469365068817194	1.302510236272402	0.9937097547311824	0.5380515188339917	2607.146484375	0.13083584969978707	8.0	2.857142857142857	1.69818	1.586256	1.8456040000000002	1.66268	0.00573802	-0.01778947375714779	0.05449531599879265		c8ce11814dc664b04d5c81bec54452ab		0.2		False	mriqc	0.16.1					280.0	84.0	84.0	42.0	6.799172100129502	1.25	2.5	2.5	2.5	30.519083919171507	8.180786433442892	29.958375930786133	11.774999618530273	180735.0	5.095357084274294	106.10535659790018	54.76476287841797	2.4871041858274268	81.20952746955854	621.0733642578125	615.80712890625	63920.0	493.68144378662106	770.0919738769529	90.5701904296875	65.59841960668564
Sun, 21 Feb 2021 14:57:22 GMT	b5b61d99ea6ce9f0e6703fde7059a3043a793352	603274d2094ee7975e9aa78a	Sun, 21 Feb 2021 14:57:22 GMT	0.0005308710801393728	0.00968996006968641				http://www.cognitiveatlas.org/task/id/TODO				dcm2niix	v1.0.20190410  GCC6.3.0		46102	0.033	84	0.000600008	70			123		Thatcher_Rd._240_Amherst_Massachusetts_US_01003	UMASS			2D		3.0	Siemens	Skyra		3.0								True		HFS			j-	2125	ep2d_bold_test_6	%SiemensSeq%_ep2d_bold		HeadNeck_64	1.25	FS	EP	_epfid2d1_84	SK		syngo_MR_E11		test	0.0498007					bold	6		4b227777d4dd1fc61c6f884f48641d02b4d121d3fd328cb08b5531fcacdabf8a	test	1	31.739944177972028	1.328537531783215	0.9994669336363632	0.5391312234498895	2552.374267578125	0.11926045799068193	6.0	2.0905923344947737	1.697024	1.5871439999999999	1.845	1.658928	0.00567741	-0.0184333436191082	0.054985564202070236		90f415236f2c1b04ed6cb26939544b6f		0.2		False	mriqc	0.16.1					287.0	84.0	84.0	42.0	6.777121166116122	1.25	2.5	2.5	2.5	30.000513011770046	8.306704462437677	30.29104995727539	11.874564170837402	180553.0	5.1114983558654785	107.00348663330078	54.96855545043945	2.497905148596301	81.8995655077186	621.02783203125	615.2926635742188	64001.0	494.2090759277344	771.0278930664062	90.78897094726562	62.62450781930238
Sun, 21 Feb 2021 14:56:40 GMT	b2d80d95e5ef4b76c433ac644f7496c25bc86ce5	603274a804e712e94a024982	Sun, 21 Feb 2021 14:56:40 GMT	0.0004339024390243902	0.008960698641114982				http://www.cognitiveatlas.org/task/id/TODO				dcm2niix	v1.0.20190410  GCC6.3.0		46102	0.033	84	0.000600008	70			123		Thatcher_Rd._240_Amherst_Massachusetts_US_01003	UMASS			2D		3.0	Siemens	Skyra		3.0								True		HFS			j-	2125	ep2d_bold_test_7	%SiemensSeq%_ep2d_bold		HeadNeck_64	1.25	FS	EP	_epfid2d1_84	SK		syngo_MR_E11		test	0.0498007					bold	7		4b227777d4dd1fc61c6f884f48641d02b4d121d3fd328cb08b5531fcacdabf8a	test	1	31.578922051853134	1.3282633963986006	1.0016239814335666	0.5397495450429651	2535.63720703125	0.11253914294587318	2.0	0.6968641114982579	1.6990613333333335	1.588792	1.8479320000000001	1.66046	0.00853973	-0.018457939848303795	0.05502725765109062		c6544095c63a4011dad9d2d38766f420		0.2		False	mriqc	0.16.1					287.0	84.0	84.0	42.0	6.766642584270601	1.25	2.5	2.5	2.5	30.54904043310568	8.306705169397505	30.27276611328125	11.87108039855957	180327.0	5.114982604980469	106.6867599487303	55.072025299072266	2.5256208243691356	81.70324559115073	619.3729858398438	614.1376953125	64122.0	492.1055679321289	768.7141204833985	90.75888061523438	65.27977581135929
Sun, 21 Feb 2021 14:56:02 GMT	cce8faf8957a1cdc29bd0463beba16494b8c8fb3	6032748204e712e94a024981	Sun, 21 Feb 2021 14:56:02 GMT	0.00047406249999999993	0.008723693298611111				http://www.cognitiveatlas.org/task/id/TODO				dcm2niix	v1.0.20190410  GCC6.3.0		46102	0.033	84	0.000600008	70			123		Thatcher_Rd._240_Amherst_Massachusetts_US_01003	UMASS			2D		3.0	Siemens	Skyra		3.0								True		HFS			j-	2125	ep2d_bold_test_8	%SiemensSeq%_ep2d_bold		HeadNeck_64	1.25	FS	EP	_epfid2d1_84	SK		syngo_MR_E11		test	0.0498007					bold	8		4b227777d4dd1fc61c6f884f48641d02b4d121d3fd328cb08b5531fcacdabf8a	test	0	31.844612022020893	1.3224992762369334	0.9972844581184664	0.5393035034861848	2547.53466796875	0.12097165280731546	6.0	2.0833333333333335	1.6981973333333331	1.58816	1.8453959999999998	1.661036	0.00571601	-0.01842443086206913	0.05477344989776611		36b8127c11cb1625b11c53b3da17caee		0.2		False	mriqc	0.16.1					288.0	84.0	84.0	42.0	6.797568365852921	1.25	2.5	2.5	2.5	31.16826416086841	8.262419084853397	30.19745635986328	11.85069465637207	180481.0	5.114583492279053	106.0763931274414	55.076595306396484	2.529222713837659	81.23427671923879	618.7904052734375	613.5729370117188	63938.0	492.4394180297852	767.0282928466796	90.26288604736328	65.76752406544983
Sun, 21 Feb 2021 14:55:01 GMT	f027e2e951b08e52cadd0137daa54f56ac220d88	6032744604e712e94a024980	Sun, 21 Feb 2021 14:55:01 GMT	0.0012835271317829455	0.014877463488372092				http://www.cognitiveatlas.org/task/id/TODO				dcm2niix	v1.0.20190410  GCC6.3.0		46102	0.033	84	0.000600008	70			123		Thatcher_Rd._240_Amherst_Massachusetts_US_01003	UMASS			2D		3.0	Siemens	Skyra		3.0								True		HFS			j-	2125	ep2d_bold_study_1	%SiemensSeq%_ep2d_bold		HeadNeck_64	1.25	FS	EP	_epfid2d1_84	SK		syngo_MR_E11		study	0.0498007					bold	1		ef2d127de37b942baad06145e54b0c619a1f22327b2ebbcfbec78f5564afe39d	study	0	31.48473918466927	1.2134261664980543	0.9959976847859927	0.5971013911504278	1437.40087890625	0.1767989564870391	95.0	36.82170542635659	1.692664	1.571728	1.8593	1.6469639999999999	0.0265207	-0.027290111407637596	0.09242008626461029		122e60aa120194d09337007b8a58a002		0.2		False	mriqc	0.16.1					258.0	84.0	84.0	42.0	6.81903266710925	1.25	2.5	2.5	2.5	11.648346222436755	17.242434208946207	58.968875885009766	18.87403106689453	169960.0	6.193798542022705	249.58235931396462	90.49564361572266	3.208691563495198	96.71681007954251	757.9209594726562	755.68798828125	72896.0	603.3604736328125	934.5785064697266	110.81964874267578	49.124040100257844
Sun, 21 Feb 2021 14:46:53 GMT	4f8d348f71fa7584aef9ea7412f1c4990d30e650	6032725d04e712e94a02497f	Sun, 21 Feb 2021 14:46:53 GMT	0.0015007142857142858	0.027404787892857146				http://www.cognitiveatlas.org/task/id/TODO				dcm2niix	v1.0.20190410  GCC6.3.0		46102	0.033	84	0.000600008	70			123		Thatcher_Rd._240_Amherst_Massachusetts_US_01003	UMASS			2D		3.0	Siemens	Skyra		3.0								True		HFS			j-	2125	ep2d_bold_study_2	%SiemensSeq%_ep2d_bold		HeadNeck_64	1.25	FS	EP	_epfid2d1_84	SK		syngo_MR_E11		study	0.0498007					bold	2		ef2d127de37b942baad06145e54b0c619a1f22327b2ebbcfbec78f5564afe39d	study	0	32.517873989498206	1.1268008406451613	0.9550807070967742	0.5987830436369435	1409.638916015625	0.23500250139388432	129.0	46.07142857142857	1.7109880000000002	1.597676	1.890272	1.645016	0.0143881	-0.027679957449436188	0.09234947711229324		e14b66d92ae167369242c5a66198cb8d		0.2		False	mriqc	0.16.1					280.0	84.0	84.0	42.0	6.769059789239506	1.25	2.5	2.5	2.5	11.10766669891597	17.118760070447458	59.85354232788086	18.97857093811035	169713.0	6.4464287757873535	253.42643127441406	91.02831268310547	3.0448853328359498	97.22690704644413	756.0297241210938	753.7142944335938	72975.0	599.1657348632813	934.6392822265625	111.34620666503906	41.3558177605737
Sun, 21 Feb 2021 14:46:15 GMT	275918dfddb55bb73cc9a90352e6fd2c64ca42e2	60327237094ee7975e9aa789	Sun, 21 Feb 2021 14:46:15 GMT	0.006714229390681003	0.01498073770609319				http://www.cognitiveatlas.org/task/id/TODO				dcm2niix	v1.0.20190410  GCC6.3.0		46102	0.033	84	0.000600008	70			123		Thatcher_Rd._240_Amherst_Massachusetts_US_01003	UMASS			2D		3.0	Siemens	Skyra		3.0								True		HFS			j-	2125	ep2d_bold_study_3	%SiemensSeq%_ep2d_bold		HeadNeck_64	1.25	FS	EP	_epfid2d1_84	SK		syngo_MR_E11		study	0.0498007					bold	3		ef2d127de37b942baad06145e54b0c619a1f22327b2ebbcfbec78f5564afe39d	study	1	34.02975888582732	1.2505712078057563	1.0545662155395683	0.5972037625108381	1468.8822021484375	0.262313285289052	114.0	40.86021505376344	1.6838453333333334	1.566184	1.853088	1.632264	0.031975	-0.026896966621279716	0.09298567473888397		366b54698de2b2c5c6b0a1638f8dc8d7		0.2		False	mriqc	0.16.1					279.0	84.0	84.0	42.0	6.757920147695535	1.25	2.5	2.5	2.5	11.267873941911429	16.786882020661775	59.76311492919922	18.627239227294922	170298.0	6.2580647468566895	255.1648712158203	91.87464904785156	3.2826097780267167	96.209744556386	755.0882568359375	752.5823974609375	72422.0	600.1365875244142	934.6163360595704	111.36225128173828	46.03538027778268
Sun, 21 Feb 2021 14:45:47 GMT	5da480df019de5347b38cb724e5d7b3bfadfcbed	6032721b04e712e94a02497e	Sun, 21 Feb 2021 14:45:47 GMT	0.001845357142857143	0.02019110617857143				http://www.cognitiveatlas.org/task/id/TODO				dcm2niix	v1.0.20190410  GCC6.3.0		46102	0.033	84	0.000600008	70			123		Thatcher_Rd._240_Amherst_Massachusetts_US_01003	UMASS			2D		3.0	Siemens	Skyra		3.0								True		HFS			j-	2125	ep2d_bold_study_4	%SiemensSeq%_ep2d_bold		HeadNeck_64	1.25	FS	EP	_epfid2d1_84	SK		syngo_MR_E11		study	0.0498007					bold	4		ef2d127de37b942baad06145e54b0c619a1f22327b2ebbcfbec78f5564afe39d	study	0	33.16129353562723	1.145979093835126	0.9746034071684585	0.5988681158036264	1398.290283203125	0.25717224870285604	134.0	47.857142857142854	1.7284680000000001	1.6055199999999998	1.9039480000000002	1.675936	0.0190627	-0.02814423479139805	0.09247832000255585		794ddfaf72089bfaafe65d91b0292a50		0.2		False	mriqc	0.16.1					280.0	84.0	84.0	42.0	6.669840130935626	1.25	2.5	2.5	2.5	10.975063693995345	17.192892585036155	60.01438903808594	19.049999237060547	170077.0	6.439285755157471	254.57214355468713	90.97335815429688	2.8977192011669786	98.99546037642908	753.5953979492188	751.2178344726562	72828.0	593.83125	934.5680389404293	112.62828826904297	42.11204878636636
Sun, 21 Feb 2021 14:45:05 GMT	8cb43752311b08cfbca9d48d034e951db5cb35bf	603271f1094ee7975e9aa788	Sun, 21 Feb 2021 14:45:05 GMT	0.004985000000000001	0.022994017321428566				http://www.cognitiveatlas.org/task/id/TODO				dcm2niix	v1.0.20190410  GCC6.3.0		46102	0.033	84	0.000600008	70			123		Thatcher_Rd._240_Amherst_Massachusetts_US_01003	UMASS			2D		3.0	Siemens	Skyra		3.0								True		HFS			j-	2125	ep2d_bold_study_5	%SiemensSeq%_ep2d_bold		HeadNeck_64	1.25	FS	EP	_epfid2d1_84	SK		syngo_MR_E11		study	0.0498007					bold	5		ef2d127de37b942baad06145e54b0c619a1f22327b2ebbcfbec78f5564afe39d	study	0	34.65887125075269	1.1673625929390674	1.0074436951971322	0.599858227681641	1357.2742919921875	0.27522830382004	130.0	46.42857142857143	1.7023106666666667	1.580748	1.867316	1.658868	0.0259723	-0.02875310741364956	0.09413518011569977		a3d20af10eea8300a75e2d05e9030af6		0.2		False	mriqc	0.16.1					280.0	84.0	84.0	42.0	6.789284909297981	1.25	2.5	2.5	2.5	11.14595346614472	17.314674899033523	60.7424201965332	19.189285278320312	169932.0	6.462678670883182	258.5653549194327	92.62710571289062	3.330895039664094	95.58024490227014	753.0170288085938	750.5357055664062	72825.0	599.1257202148438	928.9071655273438	110.54633331298828	39.975528995040804
Sun, 21 Feb 2021 14:44:29 GMT	d1e060d48788a338bdb25fdb7af563a85b0ea55f	603271cd04e712e94a02497d	Sun, 21 Feb 2021 14:44:29 GMT	0.002530071428571429	0.035912183214285714				http://www.cognitiveatlas.org/task/id/TODO				dcm2niix	v1.0.20190410  GCC6.3.0		46102	0.033	84	0.000600008	70			123		Thatcher_Rd._240_Amherst_Massachusetts_US_01003	UMASS			2D		3.0	Siemens	Skyra		3.0								True		HFS			j-	2125	ep2d_bold_study_6	%SiemensSeq%_ep2d_bold		HeadNeck_64	1.25	FS	EP	_epfid2d1_84	SK		syngo_MR_E11		study	0.0498007					bold	6		ef2d127de37b942baad06145e54b0c619a1f22327b2ebbcfbec78f5564afe39d	study	0	38.077654869498225	1.0481372005017926	0.9437610073118275	0.5995667754218917	1332.24365234375	0.43655547604321465	175.0	62.5	1.739864	1.626388	1.950104	1.6431	0.0258331	-0.028346121311187744	0.08821157366037369		3bede1bb39f3854730c78e19c1bb526a		0.2		False	mriqc	0.16.1					280.0	84.0	84.0	42.0	6.760371280066977	1.25	2.5	2.5	2.5	10.541951326310489	18.73373768902244	61.28606033325195	19.735713958740234	169831.0	5.967857360839844	256.4017791748047	91.85810852050781	2.8901201142291617	97.40698385398966	751.70068359375	748.5464477539062	72347.0	595.016455078125	930.6539428710937	110.7248764038086	31.842300288844854
Sun, 21 Feb 2021 14:43:57 GMT	63a0a3c179ebd9c1527920995ef9e597ec926be7	603271ad094ee7975e9aa787	Sun, 21 Feb 2021 14:43:57 GMT	0.005286964285714286	0.021183530607142856				http://www.cognitiveatlas.org/task/id/TODO				dcm2niix	v1.0.20190410  GCC6.3.0		46102	0.033	84	0.000600008	70			123		Thatcher_Rd._240_Amherst_Massachusetts_US_01003	UMASS			2D		3.0	Siemens	Skyra		3.0								True		HFS			j-	2125	ep2d_bold_study_7	%SiemensSeq%_ep2d_bold		HeadNeck_64	1.25	FS	EP	_epfid2d1_84	SK		syngo_MR_E11		study	0.0498007					bold	7		ef2d127de37b942baad06145e54b0c619a1f22327b2ebbcfbec78f5564afe39d	study	0	33.56977961802866	1.140069160537634	0.9903078833333329	0.5974316420133923	1416.846435546875	0.2401432421984587	99.0	35.357142857142854	1.7240213333333336	1.5985559999999999	1.8972200000000001	1.676288	0.0283582	-0.025998510420322418	0.09268080443143845		bed42307891e9007aff87ae0d6d8ee34		0.2		False	mriqc	0.16.1					280.0	84.0	84.0	42.0	6.713428736759003	1.25	2.5	2.5	2.5	10.907614589848318	16.996975635570603	60.123558044433594	18.882143020629883	170465.0	6.39642858505249	256.899279785156	91.60336303710938	2.9511176044246312	97.81998413018958	751.69482421875	749.3964233398438	72375.0	593.5282165527344	931.6557067871094	111.6257095336914	40.19689779554028
Sun, 21 Feb 2021 14:43:27 GMT	fa5f67e0926d34027deac9f95a2aab637a738c37	6032718f04e712e94a02497c	Sun, 21 Feb 2021 14:43:27 GMT	0.006907275985663082	0.02311375781362007				http://www.cognitiveatlas.org/task/id/TODO				dcm2niix	v1.0.20190410  GCC6.3.0		46102	0.033	84	0.000600008	70			123		Thatcher_Rd._240_Amherst_Massachusetts_US_01003	UMASS			2D		3.0	Siemens	Skyra		3.0								True		HFS			j-	2125	ep2d_bold_study_8	%SiemensSeq%_ep2d_bold		HeadNeck_64	1.25	FS	EP	_epfid2d1_84	SK		syngo_MR_E11		study	0.0498007					bold	8		ef2d127de37b942baad06145e54b0c619a1f22327b2ebbcfbec78f5564afe39d	study	1	34.79638098999997	1.1359721975899282	1.0034483937410077	0.5980146177229883	1443.8182373046875	0.29034151355482307	123.0	44.086021505376344	1.7378866666666666	1.62004	1.9075479999999998	1.686072	0.0418834	-0.026126421988010406	0.09107126295566559		177742aed07e677cf9cf18cf49712418		0.2		False	mriqc	0.16.1					279.0	84.0	84.0	42.0	6.603917757133875	1.25	2.5	2.5	2.5	10.899848536977542	16.776256414437647	59.64860916137695	18.716846466064453	170138.0	6.383512496948242	253.60841751098621	90.800537109375	2.870059751131685	99.93484597398196	750.3731689453125	748.2509155273438	72690.0	589.7415832519532	932.6980407714843	113.30331420898438	38.13731371995527
Sun, 21 Feb 2021 14:42:49 GMT	13a265752d4ba264535be44e371dc96ac1807e7e	6032716904e712e94a02497b	Sun, 21 Feb 2021 14:42:49 GMT	0.014017142857142856	0.030830146035714292				http://www.cognitiveatlas.org/task/id/TODO				dcm2niix	v1.0.20190410  GCC6.3.0		46102	0.033	84	0.000600008	70			123		Thatcher_Rd._240_Amherst_Massachusetts_US_01003	UMASS			2D		3.0	Siemens	Skyra		3.0								True		HFS			j-	2125	ep2d_bold_study_9	%SiemensSeq%_ep2d_bold		HeadNeck_64	1.25	FS	EP	_epfid2d1_84	SK		syngo_MR_E11		study	0.0498007					bold	9		ef2d127de37b942baad06145e54b0c619a1f22327b2ebbcfbec78f5564afe39d	study	0	39.84396263193549	1.1278786677060926	1.0293305704301074	0.5974965673824424	1396.679931640625	0.4025922027553889	133.0	47.5	1.7396973333333332	1.628508	1.9235959999999999	1.666988	0.0488103	-0.02587561309337616	0.09230244159698486		bdc236035f88a85fd6c0ee0465d24b82		0.2		False	mriqc	0.16.1					280.0	84.0	84.0	42.0	6.719903697846103	1.25	2.5	2.5	2.5	11.00257420539262	17.357036638924136	59.94840621948242	19.114286422729492	170467.0	6.403571605682373	255.29321899414043	90.82170104980469	2.9708728841137164	96.79273190945743	750.6787109375	747.7285766601562	72299.0	594.2521728515625	930.6835571289062	111.26995849609375	31.202167201554403
